{"cameraMode":{"drawMode":0,"name":"Shaded","section":"Shading Mode"},"sceneLighting":false,"audioPlay":false,"sceneViewState":{"showFog":false,"showMaterialUpdate":false,"showSkybox":false,"showFlares":false,"showImageEffects":false,"showParticleSystems":false},"in2DMode":false,"pivot":{"x":5.960464477539063e-8,"y":1.6211256980895997,"z":-0.6272855997085571},"rotation":{"x":-0.11392295360565186,"y":-0.6039314270019531,"z":0.08776586502790451,"w":-0.7839639186859131},"size":7.12846565246582,"orthographic":true}